,Global_active_power,Global_reactive_power,Voltage,Global_intensity
Global_active_power,1.0,0.26988647492431894,-0.34823717818750755,0.9990613559937462
Global_reactive_power,0.26988647492431894,1.0,-0.10653127721592971,0.285748881248231
Voltage,-0.34823717818750755,-0.10653127721592971,1.0,-0.35958710344828393
Global_intensity,0.9990613559937462,0.285748881248231,-0.35958710344828393,1.0
